Text Me One,TextMeOne-Regular.ttf,121
Oleo Script,OleoScript-Bold.ttf,164
Tuffy,Tuffy.ttf,305
Quixotic,quixotic.ttf,115
Nachlieli,he.ttf,8
Ruluko,Ruluko-Regular.ttf,124
Almendra,Almendra-Italic.ttf,135
Hebrew Participants,hebrp___.ttf,71
Padauk Book,Padauk-bookbold.ttf,4011
Airmole Antique,airmolea.ttf,121
Metal Lord,metalord.ttf,149
Alice,Alice-Regular.ttf,156
Poly,Poly-Italic.ttf,152
Dignity Of Labour,dignity.ttf,144
Georgia,georgiaz.ttf,39837
Almendra SC,AlmendraSC-Regular.ttf,142
UM Typewriter,UMTypewriter-BoldItalic.otf,41
Mexcellent 3D,mexcel3d.ttf,142
Noto Sans Tagalog,NotoSansTagalog-Regular.ttf,917
Inflammable Age,inflamma.ttf,118
Pulse State,pulsesta.ttf,70
Alegreya SC,AlegreyaSC-Italic.ttf,261
Droid Sans Japanese,DroidSansJapanese.ttf,4990
Yellowtail,Yellowtail-Regular.ttf,208
Nafees Nastaleeq,NafeesNastaleeq.ttf,14
Ruslan Display,RuslanDisplay.ttf,137
Handlee,Handlee-Regular.ttf,140
Delta Hey Max Nine,deltahey.ttf,138
MathJax_WinChrome,MathJax_WinChrome-Regular.otf,0
Noto Sans Lycian,NotoSansLycian-Regular.ttf,445
Fugaz One,FugazOne-Regular.ttf,135
Neuropolitical,neurpoli.ttf,175
Judson,Judson-Regular.ttf,154
GFS BodoniClassic,GFSBodoniClassic.otf,328
PoetsenOne,PoetsenOne-Regular.ttf,124
BM HANNA_TTF,BM-HANNA.ttf,0
PT Serif,PT_Serif-Web-Regular.ttf,11233
Symbol,symbol.ttf,41348
GFS Pyrsos,GFSPyrsos.otf,47
Risque,Risque-Regular.ttf,124
Averia Gruesa Libre,AveriaGruesaLibre-Regular.ttf,122
UnGungseo,UnGungseo.ttf,1818
Codystar,Codystar-Regular.ttf,138
Sportrop,Sportrop.ttf,55
IM FELL Great Primer,IMFeGPrm28P.ttf,152
YBandTuner,ybandtun.ttf,76
Sawasdee,Sawasdee.ttf,4671
Field Day Filter,fieldday.ttf,72
Bruno Ace,BrunoAce-Regular.ttf,118
UKIJ Tuz,UKIJTuz.ttf,20
Snowburst One,SnowburstOne-Regular.ttf,117
Noto Serif Armenian,NotoSerifArmenian-Regular.ttf,820
Geo,Geo-Regular.ttf,170
Courier New,courbd.ttf,39749
Stint Ultra Condensed,StintUltraCondensed-Regular.ttf,134
Outright Televism,outright.ttf,125
MPH 2B Damase,damase_v.2.ttf,59
IM FELL Double Pica,IMFeDPit28P.ttf,151
Latin Modern Mono,lmmono9-regular.otf,473
cmtt10,cmtt10.ttf,42
Tinsnips,tinsnips.ttf,132
Orange Kid,orangeki.ttf,109
Noto Serif Thai,NotoSerifThai-Bold.ttf,819
SeoulHangang CB,SeoulHangangCondensed-Bold.ttf,104
Cretino,cretino_.ttf,175
Almonte Snow,almosnow.ttf,588
Airmole Stripe,airmoleq.ttf,122
Strong,Strong-Regular.ttf,124
Tauri,Tauri-Regular.ttf,113
Xenowort,xenowort.ttf,92
Asset,Asset.ttf,133
Monda,Monda-Bold-unhinted.ttf,134
Raghindi,hi.ttf,11
Noto Sans Symbols,NotoSansSymbols-Regular.ttf,466
Noticia Text,NoticiaText-Regular.ttf,185
TSCu_Comic,ta.ttf,0
TriacSeventyone,triacsev.ttf,95
Karla Tamil,KarlaUpright-Regular-PreVOLT.ttf,77
Cutive Mono,CutiveMono-Regular-unhinted.ttf,141
CabinSketch,CabinSketch-Bold.ttf,275
Noto Sans Imperial Aramaic,NotoSansImperialAramaic-Regular.ttf,451
Fira Mono,FiraMono-Bold.ttf,254
Navilu,Navilu.ttf,71
Commerciality,commlity.ttf,70
Prosto One,ProstoOne-Regular.ttf,137
MScore,mscore-20.ttf,33
Inconsolatazi4,Inconsolatazi4-Bold.otf,23
Archivo Narrow,ArchivoNarrow-Italic.ttf,183
ocrb8,ocrb8.otf,27
MathJax_Main,MathJax_Main-Regular.otf,0
Squada One,SquadaOne-Regular.ttf,138
Noto Sans Malayalam,NotoSansMalayalam-Bold.ttf,463
Macondo Swash Caps,MacondoSwashCaps-Regular.ttf,116
Noto Sans Egyptian Hieroglyphs,NotoSansEgyptianHieroglyphs-Regular.ttf,446
cwTeXFangSong,cwTeXFangSong.ttf,144
Sanchez,Sanchez-Italic.ttf,158
Liberation Serif,LiberationSerif-Regular.ttf,11481
Devonshire,Devonshire-Regular.ttf,123
Madan2,madan.ttf,9
ClementePDae,ClementePDae-Light.ttf,53
Noto Sans Ugaritic,NotoSansUgaritic-Regular.ttf,446
BetecknaLowerCase,BetecknaLowerCase.otf,125
Wake & Bake,wakebake.ttf,0
Share-TechMonoExp,ShareTechMonoExp-Regular.ttf,36
Reenie Beanie,ReenieBeanie.ttf,165
Muli,Muli-LightItalic.ttf,259
Droid Sans,DroidSans-Bold.ttf,6610
Buda,Buda-Light.ttf,138
Libel Suit,libel.ttf,132
Harabara,Harabara.ttf,198
Rustproof Body,rustproo.ttf,110
Port Lligat Slab,PortLligatSlab-Regular.ttf,125
Karla,Karla-Regular.ttf,178
Merriweather,Merriweather-Italic.ttf,465
Manchu2005,ManchuFont2005.ttf,13
Butterbelly,butterbe.ttf,159
Vipnagorgialla,vipnagor.ttf,178
Battambang,Battambang-Bold.ttf,152
FandolSong,FandolSong-Regular.otf,19
MathJax_Script,MathJax_Script-Regular.otf,0
STIXSizeThreeSym,STIXSizThreeSymBol.ttf,5300
WhiteLake,whitelak.ttf,76
Dazzle Ships,dazzlesh.ttf,88
Signika,Signika-Light.ttf,381
Still Time,stilltim.ttf,151
Mr Bedfort,MrBedfort-Regular.ttf,135
Trykker,Trykker-Regular.ttf,120
Ropa Sans,RopaSans-Regular.ttf,146
IcicleCountry,icicleco.ttf,70
GFS Solomos,GFSSolomos.otf,626
InstantTunes,instantt.ttf,86
OFL Sorts Mill Goudy TT,OFLGoudyStMTT.ttf,197
ocrb6,ocrb6.otf,28
Old Standard TT,OldStandard-Regular.ttf,188
Carrois Gothic,CarroisGothic-Regular.ttf,127
Stint Ultra Expanded,StintUltraExpanded-Regular.ttf,123
Noto Serif Georgian,NotoSerifGeorgian-Bold.ttf,825
Mrs Saint Delafield,MrsSaintDelafield-Regular.ttf,131
MuseJazz,mscore-MuseJazz.ttf,33
Eden Mills,edenmi__.ttf,152
Liberation Sans Narrow,LiberationSansNarrow-Italic.ttf,11132
KacstBook,KacstBook.ttf,4421
Forgotten Futurist Rotten,forgottr.ttf,64
Welfare Brat,welfareb.ttf,108
Linux Libertine Initials O,LinLibertine_I.otf,873
Chica Mono,chicomono.ttf,34
DejaVu LGC Sans Mono,DejaVuLGCSansMono.ttf,153
Aladin,Aladin-Regular.ttf,126
Smokum,Smokum-Regular.ttf,127
SeoulHangang,SeoulHangang-Medium.ttf,87
Dyspepsia,dyspepsi.ttf,163
Coustard,Coustard-Regular.ttf,147
Rouge Script,RougeScript-Regular.ttf,128
Loma,Loma-BoldOblique.ttf,4659
Josefin Slab,JosefinSlab-Bold.ttf,359
Jolly Lodger,JollyLodger-Regular.ttf,126
Sui Generis,suigener.ttf,129
Averia Libre,AveriaLibre-LightItalic.ttf,141
Poller One,PollerOne.ttf,130
Aclonica,Aclonica.ttf,166
Minya Nouvelle,minyn___.ttf,894
Hanuman,Hanumanb.ttf,137
Almonte,almonte.ttf,159
Isabella,Isabella.ttf,175
SubsetForTuxPaint,zh_TW.ttf,4
Dream Orphans,dreamori.ttf,209
Anonymous Pro,AnonymousPro-Regular.ttf,528
Allan,Allan-Bold.ttf,158
Unkempt,Unkempt-Bold.ttf,137
Londrina Shadow,LondrinaShadow-Regular.ttf,145
Kleptocracy,kleptocr.ttf,132
GFS Baskerville,GFSBaskerville.otf,442
Monoton,Monoton-Regular.ttf,167
STIXIntegralsUpSm,STIXIntUpSmReg.otf,5277
Stalemate,Stalemate-Regular.ttf,134
Blue Highway,bluebold.ttf,1020
Geostar,Geostar-Regular.ttf,128
Creepster,Creepster-Regular.ttf,122
STIXSizeFiveSym,STIXSizFiveSymReg.ttf,5293
Nafees Tehreer Naskh,NafeesTehreerNaskh.ttf,6
Open Sans Hebrew Condensed,OpenSansHebrewCondensed-Light.ttf,164
Yellow Pills,yellowpi.ttf,81
Husky Stash,huskysta.ttf,170
Vectroid,vectroid.ttf,140
Actor,Actor-Regular.ttf,139
Irish Participants,irisp___.ttf,69
Kavoon,Kavoon-Regular.ttf,119
Alte Haas Grotesk,AlteHaasGroteskRegular.ttf,183
Croissant One,CroissantOne-Regular.ttf,130
Stasmic,stasmic_.ttf,84
NanumGothic,NanumGothicBold.ttf,8791
SeoulNamsan CBL,SeoulNamsanCondensed-Black.ttf,102
Ranchers,Ranchers-Regular.ttf,125
Po Beef,pobeef.ttf,106
Montez,Montez-Regular.ttf,160
Lateef,LateefRegOT.ttf,142
Noto Sans Thai UI,NotoSansThaiUI-Bold.ttf,709
Redacted,Redacted-Regular.ttf,124
Linux Libertine Mono O ,LinLibertine_MB.otf,29
Play,Play-Bold-webfont.ttf,280
Noto Sans Tamil,NotoSansTamil-Regular.ttf,853
MathJax_Size3,MathJax_Size3-Regular.otf,0
Jacques Francois,JacquesFrancois-Regular.ttf,124
Special Elite,SpecialElite.ttf,194
Andika,Andika-R.ttf,277
jsMath-cmr10,jsMath-cmr10.ttf,393
Noto Sans Glagolitic,NotoSansGlagolitic-Regular.ttf,450
TeX Gyre Chorus,texgyrechorus-mediumitalic.otf,1150
IM FELL Double Pica SC,IMFeDPsc28P.ttf,148
fontello,fontello.ttf,41
Stalin One,StalinOne-Regular.ttf,120
Pecita,Pecita.ttf,176
Noto Serif Khmer,NotoSerifKhmer-Regular.ttf,393
Cherry Swash,CherrySwash-Bold.ttf,142
Accanthis ADF Std,AccanthisADFStd-Bold.otf,524
Iwona Medium,IwonaMedium-Italic.otf,31
Oliver's Barney,oliversb.ttf,0
Bilbo Swash Caps,BilboSwashCaps-Regular.ttf,154
UnPilgi,UnPilgiBold.ttf,1813
Wendy One,WendyOne-Regular.ttf,115
Dorsa,Dorsa-Regular.ttf,135
Antykwa Torunska Condensed,AntykwaTorunskaCondLight-Regular.otf,22
Let's Eat,let_seat.ttf,0
Slackey,Slackey.ttf,134
Fondamento,Fondamento-Italic.ttf,137
Beteckna Small Caps,BetecknaSmallCaps.otf,49
Ribeye Marrow,RibeyeMarrow-Regular.ttf,130
Wingdings,wingding.ttf,36852
Prociono,Prociono-Regular.ttf,238
NAFTAlene,nafta.ttf,99
Cinzel Decorative,CinzelDecorative-Bold.ttf,208
Joystix,joystix.ttf,128
Sandoval,sandoval.ttf,152
Thabit,Thabit-Bold.ttf,157
mpltest,mpltest.ttf,11
EB Garamond Initials,EBGaramond-Initials.otf,217
Hurontario,hurontar.ttf,69
Average Sans,AverageSans-Regular.ttf,124
Droid Sans Thai,DroidSansThai.ttf,4502
Mississauga,mississa.ttf,81
Dashicons,dashicons.ttf,9
CantoraOne,CantoraOne-Regular.ttf,170
Gochi Hand,GochiHand-Regular.ttf,138
Warender Bibliothek,WarenderBibliothek.otf,16
Audiowide,Audiowide-Regular.ttf,149
MathJax_SansSerif,MathJax_SansSerif-Italic.otf,0
XCharter,XCharter-Italic.otf,29
MusiQwik,MusiQwik.ttf,56
Pupcat,pupcat__.ttf,850
Should've Known,shouldve.ttf,0
Cagliostro,Cagliostro-Regular.ttf,120
Droid Serif Thai,DroidSerifThai-Regular.ttf,124
Kotta One,KottaOne-Regular.ttf,118
DirtyBakersDozen,dirtydoz.ttf,166
Quinine,quinine.ttf,71
Nothing You Could Do,NothingYouCouldDo.ttf,174
Herr Von Muellerhoff,HerrVonMuellerhoff-Regular.ttf,147
Tenor Sans,TenorSans-Regular.ttf,142
Eater,Eater-Regular.ttf,121
Chinese Rocks,chineser.ttf,115
Unica One,UnicaOne-Regular.ttf,129
Droid Sans Mono,ArdourMono.ttf,6416
Marvel,Marvel-Bold.ttf,175
Wild Sewerage,wildsewe.ttf,125
Noto Sans Kaithi,NotoSansKaithi-Regular.ttf,427
Megrim,Megrim.ttf,144
Old Standard,OldStandard-Italic.otf,60
Questrial,Questrial-Regular.ttf,196
Radio Stars,radiosta.ttf,89
Rammetto One,RammettoOne-Regular.ttf,126
Linux Libertine O,LinLibertine_RI.otf,958
STIXIntegralsD,STIXIntDBol.otf,5285
Venus Rising,venusris.ttf,154
Roboto Condensed,RobotoCondensed-Bold.ttf,1083
Sacramento,Sacramento-Regular.ttf,165
Peatloaf,peatloaf.ttf,72
Schoolbell,Schoolbell.ttf,135
Doppio One,DoppioOne-Regular.ttf,125
Baekmuk Batang,batang.ttf,121
Meie Script,MeieScript-Regular.ttf,123
Steve,SteveHand.ttf,210
Goudy Bookletter 1911,GoudyBookletter1911.ttf,347
Great Vibes,GreatVibes-Regular.ttf,326
TeX Gyre Heros,texgyreheros-bolditalic.otf,1174
Parisienne,Parisienne-Regular.ttf,175
Belgrano,Belgrano-Regular.ttf,127
Lohit Oriya,Lohit-Oriya.ttf,890
cmmi10,cmmi10.ttf,2525
GFS Garaldus,GFSGaraldus.otf,43
MathJax_Math,MathJax_Math-Italic.otf,0
Walter Turncoat,WalterTurncoat.ttf,148
Arizonia,Arizonia-Regular.ttf,173
Artifika,Artifika-Regular.ttf,137
TeX Gyre Schola,texgyreschola-bold.otf,1172
Ethiopia Jiret,jiret.ttf,25
Share-BoldExp,Share-BoldExp.ttf,31
Gillius ADF Cond,GilliusADFCond-Bold.otf,67
ClementePDag,ClementePDag-Book.ttf,53
Wet Pet,wetpet.ttf,88
VL PGothic,VL-PGothic-Regular.ttf,329
RaghuMalayalam,RaghuMalayalamSans.ttf,135
Biohazard Participants,biohp___.ttf,70
Overlock,Overlock-Bold.ttf,214
Homenaje,Homenaje-Regular.ttf,128
Modern Antiqua,ModernAntiqua-Regular.ttf,132
UnBatang,UnBatang.ttf,1899
Bonbon,Bonbon-Regular.ttf,124
Princess Sofia,PrincessSofia-Regular.ttf,124
Julius Sans One,JuliusSansOne-Regular.ttf,146
Steelfish,steelfis.ttf,196
PakType Ajrak,PakType_Ajrak.ttf,25
TlwgTypewriter,TlwgTypewriter.ttf,4668
UnBom,UnBom.ttf,47
ClementePDaf,ClementePDaf-LightItalic.ttf,53
Symbola,Symbola.ttf,1019
Squealer Embossed,squealem.ttf,132
Lovers Quarrel,LoversQuarrel-Regular.ttf,160
Tienne,Tienne-Regular.ttf,149
Mint Spirit,MintSpirit-Italic.otf,43
Icelandic,asyropoulos_-_Icelandic.otf,46
Noto Sans NKo,NotoSansNKo-Regular.ttf,457
Antonio,Antonio-Light.ttf,166
Waree,Waree-Bold.ttf,5422
Sofachrome,sofachro.ttf,136
Kinnari,Kinnari-BoldOblique.ttf,4671
Pathway Gothic One,PathwayGothicOne-Regular.ttf,130
Miniver,Miniver-Regular.ttf,120
Persian Modern Outline,persian-modern-obliqueoutline.otf,23
Khmer OS Metal Chrieng,KhmerOS_metalchrieng.ttf,105
GFS Ignacio,GFSIgnacio.otf,43
Nafees Riqa,NafeesRiqa.ttf,4
msbm10,msbm10.ttf,2465
Lobster Two,LobsterTwo-Italic.ttf,713
Seaweed Script,SeaweedScript-Regular.ttf,124
ClementePDal,ClementePDal-SemiBoldItalic.ttf,48
SeoulNamsan CEB,SeoulNamsanCondensed-ExtraBold.ttf,103
KacstPoster,KacstPoster.ttf,4420
Sketchy,DaveDS_-_Sketchy.ttf,54
Magra,Magra-Bold.ttf,131
Rum Raisin,RumRaisin-Regular.ttf,130
Gillius ADF,GilliusADF-BoldCondItalic.otf,551
PakType Tehreer,PakType_Tehreer.ttf,58
Ecolier_court,ec_cour.ttf,0
Fira Sans,FiraSans-Light.ttf,344
PWPerspective,PWPerspective.ttf,37
Amatic SC,AmaticSC-Regular.ttf,278
Josefin Sans,JosefinSans-Italic.ttf,320
CrackMan,crackman.ttf,155
Saab,Saab.otf,4551
Bramalea Beauty,bramalea.ttf,74
Noto Sans UI,NotoSansUI-Italic.ttf,746
Enriqueta,Enriqueta-Bold.ttf,158
Kirsty,kirsty__.ttf,159
Deportees,deportee.ttf,80
Gyrussian,gyrussia.ttf,104
Prata,Prata-Regular.ttf,136
Noto Sans Kannada UI,NotoSansKannadaUI-Regular.ttf,218
Yeseva One,YesevaOne-Regular_v2.ttf,166
Sudbury Basin 3D,sudbury3.ttf,112
MathJax_AMS,MathJax_AMS-Regular.otf,0
STIX,STIX-Italic.otf,851
Fadgod,fadgod.ttf,181
Purple Purse,PurplePurse-Regular.ttf,128
Quattrocento,Quattrocento-BoldItalic.otf,223
Khmer OS Muol,KhmerOS_muol.ttf,103
Allerta Stencil,AllertaStencil-Regular.ttf,134
Cantarell,Cantarell-Bold.otf,2236
PT Mono,PTM55FT.ttf,7177
Fascinate,Fascinate-Regular.ttf,136
Noto Sans Cherokee,NotoSansCherokee-Regular.ttf,449
Khmer OS Muol Pali,KhmerOS_muolpali.ttf,96
Rancho,Rancho-Regular.ttf,142
Interplanetary Crap,interpla.ttf,153
Genericons,genericons-regular-webfont.ttf,27
Yanone Tagesschrift,YanoneTagesschrift.ttf,50
Share-RegularOSF,Share-RegularOSF.ttf,38
KacstDigital,KacstDigital.ttf,4423
STIXSizeOneSym,STIXSizOneSymReg.otf,5307
Ultra,Ultra.ttf,158
Libre Caslon Text,LibreCaslonText-Italic.otf,160
stmary10,stmary10.ttf,625
UrUrMa,ururma.ttf,70
Lilita One,LilitaOne-Regular.ttf,129
Coda,Coda-Regular.ttf,183
Poke,poke.ttf,107
SeoulNamsan CB,SeoulNamsanCondensed-Bold.ttf,101
Pontano Sans,PontanoSans-Regular.ttf,140
Lobster 1.4,Lobster-Cyrillic-TTF.ttf,0
Electorate Boogie,electbgi.ttf,97
Gentium Plus,GentiumPlus-I.ttf,86
Quattrocento Sans,QuattrocentoSans-Italic.otf,233
Port Credit,portcred.ttf,98
Samyak Tamil,Samyak-Tamil.ttf,196
Rochester,Rochester-Regular.ttf,184
Noto Sans Shavian,NotoSansShavian-Regular.ttf,450
Kalapi,Kalapi.ttf,37
Asul,Asul-Regular.ttf,129
Monsieur La Doulaise,MonsieurLaDoulaise-Regular.ttf,130
Flamenco,Flamenco-Light.ttf,152
Coda Caption,CodaCaption-Heavy.ttf,128
PT Sans Narrow,PT_Sans-Narrow-Web-Bold.ttf,8432
Baekmuk Gulim,gulim.ttf,114
BPG Gorda GPL&GNU,BPG_Gorda_GNU-GPL.ttf,0
Limelight,Limelight-Regular.ttf,202
Libre Baskerville,LibreBaskerville-Italic.ttf,271
Cousine,Cousine-Bold.ttf,457
Patua One,PatuaOne-Regular.ttf,165
Irish Grover,IrishGrover.ttf,134
[z] Arista Light,[z] Arista light.ttf,68
Pop Up Fontio,popup.ttf,99
Tribun ADF Std Med,TribunADFStd-MedBoldItalic.ttf,23
Rationale,Rationale-Regular.ttf,136
Wellfleet,Wellfleet-Regular.ttf,129
Social Icons Pro Set 1 - Rounded,Social Icons Pro Set 1 - Rounded.ttf,32
TeX Gyre Bonum,texgyrebonum-bold.otf,1203
Pacifico,Pacifico.ttf,606
M+ 1p,mplus-1p-light.ttf,0
Marmelad,Marmelad-Regular.ttf,137
Emblema One,EmblemaOne-Regular.ttf,125
Quicksand,Quicksand-LightItalic.ttf,394
Chela One,ChelaOne-Regular.ttf,122
Dancing Script,DancingScript-Bold-VTT.ttf,271
Waiting for the Sunrise,WaitingfortheSunrise.ttf,160
UnYetgul,UnYetgul.ttf,59
Wintermute,wintermu.ttf,135
Ethiopic Wookianos,wookianos.ttf,23
Domine,Domine-Regular.ttf,160
Tulpen One,TulpenOne-Regular.ttf,141
PT Sans Caption,PTC75F.ttf,7777
HammersmithOne,HammersmithOne-Regular.ttf,134
Passion,PassionOne-Regular.ttf,84
Scada,Scada-BoldItalic.ttf,151
Khmer,Khmer.ttf,129
MathJax_Size2,MathJax_Size2-Regular.otf,0
Misirlou,misirlou.ttf,112
Leckerli One,LeckerliOne-Regular.ttf,142
Lohit Malayalam,Lohit-Malayalam.ttf,585
Zrnic,zrnic___.ttf,116
ClementePDar,ClementePDar-UltraBoldItali.ttf,55
CMU Serif Extra,cmunsl.otf,134
Caviar Dreams,CaviarDreams.ttf,332
Rye,Rye-Regular.ttf,123
Arimo,Arimo-BoldItalic.ttf,3471
Antic,Antic-Regular.ttf,144
Droid Arabic Kufi,DroidKufi-Regular.ttf,1058
VDRSymbols Sans,VDRSymbolsSans.ttf,15
Indie Flower,IndieFlower.ttf,184
Alegreya Sans,AlegreyaSans-MediumItalic.ttf,213
ae_Nice,ar.ttf,0
French Participants,frenp___.ttf,67
Cuprum,Cuprum-Italic.ttf,294
Aldrich,Aldrich-Regular.ttf,145
Densmore,densmore.ttf,143
Airmole,airmole.ttf,130
Sarabun,Sarabun-BoldItalic.ttf,121
Bigelow Rules,BigelowRules-Regular.ttf,122
Mexcellent,mexcelle.ttf,134
MathJax_Typewriter,MathJax_Typewriter-Regular.otf,0
Merge One,MergeOne-Regular.ttf,117
Tinos,Tinos-Bold.ttf,442
SirinStencil,SirinStencil-Regular.ttf,114
Lohit Tamil,Lohit-Tamil.ttf,5658
Share-ItalicExp,Share-ItalicExp.ttf,33
Noto Sans Devanagari,NotoSansDevanagari-Bold.ttf,854
Lohit Assamese,Lohit-Assamese.ttf,1044
Diplomata,Diplomata-Regular.ttf,122
Domestic Manners,Domestic_Manners.ttf,385
Content,Content-Bold.ttf,137
Noto Sans Ethiopic,NotoSansEthiopic-Bold.ttf,834
Glass Antiqua,GlassAntiqua-Regular.ttf,126
Endless Showroom,endless.ttf,74
TeX Gyre Adventor,texgyreadventor-bolditalic.otf,1192
GlazKrak,glazkrak.ttf,91
Aristarcoj,Aristarcoj2.ttf,8
Cabin Condensed,CabinCondensed-MediumItalic.otf,240
NotCourierSans,NotCourierSans-Bold.ttf,72
Bevan,Bevan.ttf,205
Linux Libertine Display O,LinLibertine_DR.otf,878
Senior Service,srservic.ttf,75
Paytone One,PaytoneOne.ttf,150
XITS,xits-bold.otf,46
,overpass_bold-web.ttf,0
Punk Nova,punknova-boldslanted.otf,35
GFS Porson,GFSPorson.otf,415
Mona-VLGothic,mona-VLGothic.ttf,52
Raleway,Raleway-ExtraBold.otf,953
Chivo,Chivo-Italic.ttf,171
To Be Continued,tobec___.ttf,32
Ethiopic Yigezu Bisrat Gothic,yigezubisratgothic.ttf,21
Hots,hots.ttf,94
Saved By Zero,savedbyz.ttf,132
Cookie,Cookie-Regular.ttf,170
Fabian,fabian__.ttf,120
Angostura Black,angostub.ttf,76
Andagii,Andagii.ttf,11
ProggyTinyTTSZ,ProggyTinySZ.ttf,34
Mlurmlry,mlurmlry.ttf,75
Liberation Mono,LiberationMono-Regular.ttf,11477
Larabiefont,larabieb.ttf,196
Unifont,unifont.ttf,155
UnGraphic,UnGraphicBold.ttf,1813
cwTeXYen,cwTeXYen-ofl.ttf,119
Nova Oval,NovaOval.ttf,140
rsfs10,rsfs10.ttf,2441
Ribeye,Ribeye-Regular.ttf,128
Lohit Tamil Classical,Lohit-Tamil-Classical.ttf,91
Trabajo,Trabajo.otf,18
Ruda,Ruda-Regular.ttf,140
MathJax_Fraktur,MathJax_Fraktur-Bold.otf,0
Silkscreen Expanded,slkscreb.ttf,83
Yanone Kaffeesatz,YanoneKaffeesatz-Bold.otf,293
Porter Sans Block,PorterSansBlock-Regular.ttf,122
GroovyGhosties,groovygh.ttf,112
KacstTitleL,KacstTitleL.ttf,4417
Medula One,MedulaOne-Regular.ttf,144
Rachana,Rachana.ttf,4479
Noto Sans Tai Viet,NotoSansTaiViet-Regular.ttf,910
Orienta,Orienta-Regular.ttf,119
Lekton,Lekton-Italic.ttf,175
MathJax_WinIE6,MathJax_WinIE6-Regular.otf,0
Noto Sans Lao UI,NotoSansLaoUI-Bold.ttf,712
Butterfly Kids,ButterflyKids-Regular.ttf,119
Kranky,Kranky.ttf,136
World of Water,worldofw.ttf,120
Krona One,KronaOne-Regular.ttf,131
Italianno,Italianno-Regular.ttf,157
Underdog,Underdog-Regular.ttf,126
Kreon,Kreon-Bold.ttf,166
Emmentaler-20,emmentaler-20.otf,65
Pinyon Script,PinyonScript-Regular.ttf,160
SeoulHangang Smart B,SeoulHangangB.ttf,26
blsy,blsy.ttf,27
Allura,Allura-Regular.ttf,225
GFS Decker,GFSDecker.otf,46
Koulen,Koulen.ttf,131
Pastor of Muppets,pastorof.ttf,106
Vampiro One,VampiroOne-Regular.ttf,116
Sybil Green,sybig___.ttf,849
CreativeBlock BB,creativeblock.ttf,59
Armata,Armata-Regular.ttf,162
Malache Crunch,malache.ttf,119
Cabin Sketch,CabinSketch-Regular.ttf,153
PT Sans,PT_Sans-Web-BoldItalic.ttf,8561
Vemana2000,Vemana2000.ttf,4565
Kalyani,Kalyani.ttf,294
Petrona,Petrona-Regular.ttf,126
Esteban,Esteban-Regular.ttf,127
Vademecum,vademecu.ttf,125
American Participants,amerp___.ttf,68
Pakenham,pakenham.ttf,127
Hadasim CLM,HadasimCLM-Bold.ttf,143
Astron Boy,astronbi.ttf,154
Lao Muang Don,LaoMuangDon-Regular.ttf,111
Emmentaler-18,emmentaler-18.otf,62
MgOpen Canonica,MgOpenCanonicaRegular.ttf,213
Mufferaw,mufferaw.ttf,861
Fenix,Fenix-Regular.ttf,154
Styrofoam Feelings,styrofoa.ttf,99
Latin Modern Mono Caps,lmmonocaps10-oblique.otf,453
Noto Sans Brahmi,NotoSansBrahmi-Regular.ttf,439
Zeyada,Zeyada.ttf,149
Candal,Candal.ttf,146
CMU Sans Serif,cmunsx.otf,174
Hurry Up,hurryup.ttf,837
Minya,minya.ttf,92
Dustismo,dustismo_bold.ttf,411
MathJax_Size1,MathJax_Size1-Regular.otf,0
Gyparody,gyparody.ttf,138
Galindo,Galindo-Regular.ttf,122
Montaga,Montaga-Regular.ttf,116
Cambo,Cambo-Regular.ttf,135
Pothana2000,Pothana2000.ttf,4654
MassiveRetaliation,massiver.ttf,85
Astron Boy Video,astronbv.ttf,136
Lusitana,Lusitana-Bold.ttf,146
Plasmatic,plasmati.ttf,110
teletext2,teletext.ttf,5
Ovo,Ovo-Regular.ttf,137
Bangers,Bangers.ttf,169
Share Tech,ShareTech-Regular.ttf,118
RoboKoz,robokoz.ttf,81
Latin Modern Roman Caps,lmromancaps10-oblique.otf,458
Simple CLM,SimpleCLM-BoldOblique.ttf,143
Almendra Display,AlmendraDisplay-Regular.ttf,118
Fredoka One,FredokaOne-Regular.ttf,149
Credit Valley,creditvz.ttf,884
Map Of You,mapofyou.ttf,111
Liberation Sans,LiberationSans-BoldItalic.ttf,11659
Fascinate Inline,FascinateInline-Regular.ttf,133
Lewinsky,lewinsky.ttf,125
Plaster,Plaster-Regular.ttf,132
cmex10,cmex10.ttf,2520
Impact,impact.ttf,39579
Fredericka the Great,FrederickatheGreat-Regular.ttf,150
Noto Sans Avestan,NotoSansAvestan-Regular.ttf,445
ocrb9,ocrb9.otf,28
MotoyaLMaru,MTLmr3m.ttf,105
Accanthis ADF Std No2,AccanthisADFStdNo2-Bold.otf,514
VDub,vdub.ttf,127
FreeMono,FreeMonoBoldOblique.otf,6475
Quadaptor,quadapto.ttf,127
Varela,Varela-Regular.ttf,154
MathJax_Size4,MathJax_Size4-Regular.otf,0
Stitch & Bitch,stitch.ttf,0
Trade Winds,TradeWinds-Regular.ttf,129
KacstOffice,KacstOffice.ttf,4414
Noto Sans Tamil UI,NotoSansTamilUI-Bold.ttf,717
Nova Slim,NovaSlim.ttf,140
Iceland,Iceland-Regular.ttf,128
Stardos Stencil,StardosStencil-Bold.ttf,141
Adamina,Adamina-Regular.ttf,139
Noto Sans Armenian,NotoSansArmenian-Bold.ttf,838
Miltonian,Miltonian-Regular.ttf,139
Bitstream Vera Sans Mono,VeraMoBI.ttf,2396
GLYPHICONS Halflings,glyphicons-halflings-regular.ttf,84
Antykwa Poltawskiego Light,antpoltltcond-regular.otf,44
Emmentaler-23,emmentaler-23.otf,56
Creepster Caps,CreepsterCaps-Regular.ttf,114
Bola,bola.ttf,15
Joy Circuit,joycircu.ttf,102
Meddon,Meddon.ttf,143
Marquee Moon,marqueem.ttf,128
Lohit Bengali,Lohit-Bengali.ttf,5683
Gabriela,Gabriela-Regular.ttf,132
Aller,aller-bold.ttf,345
Angostura,angostur.ttf,89
Chicle,Chicle-Regular.ttf,125
Share-BoldItalicExp,Share-BoldItalicExp.ttf,35
GFS Didot,GFSDidot.otf,862
Henny Penny,HennyPenny-Regular.ttf,141
Nova Flat,NovaFlat.ttf,142
MScore1,mscore1-20.ttf,35
Museum Bible,MuseumBible.otf,38
Engagement,Engagement-Regular.ttf,140
Iwona Heavy,IwonaHeavy-Regular.otf,33
Keania One,KeaniaOne-Regular.ttf,121
MathJax_Caligraphic,MathJax_Caligraphic-Bold.otf,0
Serafettin Cartoon Condensed,SerafettinCartoonCondensed-Italic.ttf,28
Highway to Heck,heck.ttf,115
TeX Gyre Termes,texgyretermes-regular.otf,1172
Merriweather Sans,MerriweatherSans-Italic.ttf,275
ClementePDak,ClementePDak-SemiBold.ttf,54
GFS Ambrosia,GFSAmbrosia.otf,47
Quantity,quantity.ttf,75
Julee,Julee-Regular.ttf,124
Noto Sans Hanunoo,NotoSansHanunoo-Regular.ttf,439
Switching and Effects,switchin.ttf,74
Quattrocento Roman,Quattrocento-Regular.ttf,50
Plastic Bag,plasticb.ttf,119
Share Tech Mono,ShareTechMono-Regular.ttf,119
CCIcons,ccicons.otf,24
Sniglet,Sniglet-Regular.ttf,204
IPAexGothic,ipaexg.ttf,328
Hanalei,Hanalei-Regular.ttf,123
Bentham,Bentham-Regular.ttf,152
Bendable BRK,bendable.ttf,131
Neucha,Neucha.ttf,176
Mountains of Christmas,MountainsofChristmas-Regular.ttf,166
Elsie Swash Caps,ElsieSwashCaps-Regular.ttf,132
Arnprior,arnprior.ttf,851
Minisystem,minisyst.ttf,121
Ethiopic WashRa Bold,washrab.ttf,19
Earwig Factory,earwigfa.ttf,905
Almonte Woodgrain,almontew.ttf,160
Zero Threes,zerothre.ttf,106
Cyrvetica,cyrvetic.ttf,19
Lao Sans Pro,LaoSansPro-Regular.ttf,104
Comfortaa,Comfortaa_Bold-webfont.ttf,1270
Nosifer,Nosifer-Regular.ttf,120
Averia Sans Libre,AveriaSansLibre-LightItalic.ttf,149
Graduate,Graduate-Regular.ttf,131
Sad Films,sadfilms.ttf,97
Samyak Oriya,Samyak-Oriya.ttf,142
Miss Fajardose,MissFajardose-Regular.ttf,137
Give You Glory,GiveYouGlory.ttf,148
Viga,Viga-Regular.ttf,146
Nova Script,NovaScript.ttf,141
BPG Ucnobi GPL&GNU,BPG_Ucnobi_GPL&GNU.otf,0
Tofu,tofu.ttf,72
KanjiStrokeOrders,KanjiStrokeOrders_v3.000.ttf,217
Baveuse,baveuse.ttf,871
ClementePDan,ClementePDan-BoldItalic.ttf,50
Heavy Heap,heavyhea.ttf,1223
Myanmar3,mm3.ttf,73
Letter Set B,letterb.ttf,116
Samyak Malayalam,Samyak-Malayalam.ttf,101
Noto Sans Devanagari UI,NotoSansDevanagariUI-Bold.ttf,704
Bowlby One,BowlbyOne-Regular.ttf,143
Phetsarath,Phetsarath-Regular_hinted.ttf,137
Luckiest Guy,LuckiestGuy.ttf,151
Lancelot,Lancelot-Regular.ttf,137
Condiment,Condiment-Regular.ttf,130
Just Another Hand,JustAnotherHand.ttf,158
ClementePDac,ClementePDac-ExtraLight.ttf,53
blex,blex.ttf,28
McLaren,McLaren-Regular.ttf,126
Persian Modern,persian-modern-bold.otf,32
Homemade Apple,HomemadeApple.ttf,159
Droid Sans Georgian,DroidSansGeorgian.ttf,4767
Amethysta,Amethysta-Regular.ttf,119
Sunshiney,Sunshiney.ttf,127
Essays1743,Essays1743.ttf,132
Latin Modern Mono Light Cond,lmmonoltcond10-oblique.otf,463
Astron Boy Wonder,astronbw.ttf,121
ClementePDao,ClementePDao-Heavy.ttf,54
Embargo,embargo.ttf,125
Cranberry Gin,cranberr.ttf,138
Mouse Memoirs,MouseMemoirs-Regular.ttf,131
Maven Pro,MavenPro-Bold-VTT.ttf,261
Christian Participants,chrip___.ttf,69
ZeroHour,zerohour.ttf,114
Museum Foundry,MuseumFoundry.otf,48
Mr De Haviland,MrDeHaviland-Regular.ttf,123
Ouijadork,ouijador.ttf,77
Troll Bait,trollbai.ttf,99
Thiamine,thiamine.ttf,106
Andada,Andada-Italic.ttf,165
Bree Serif,BreeSerif-Regular.ttf,267
Changa,Changa-Regular.ttf,120
NanumGothicCoding,NanumGothic_Coding.ttf,202
Entypo,entypo.ttf,131
Inder,Inder-Regular.ttf,130
Oranienbaum,Oranienbaum-Regular.ttf,225
Oxygen,Oxygen-Light.ttf,391
Sudbury Basin,sudbury.ttf,115
Laconic,Laconic_Light.otf,41
MdSymbol,MdSymbol-Bold.otf,31
Mystery Quest,MysteryQuest-Regular.ttf,120
Anglepoise Lampshade,anglepoi.ttf,139
Sansita One,SansitaOne.ttf,167
Droid Sans Hebrew,DroidSansHebrew-Bold.ttf,5022
Stam Ashkenaz CLM,StamAshkenazCLM.ttf,128
Betsy Flanagan,betsy.ttf,174
Tlwg Typo,TlwgTypo-Bold.ttf,4596
Cabin,Cabin-RegularItalic.otf,809
LKLUG,lklug.ttf,4821
KacstArt,KacstArt.ttf,4420
Gentium Plus Compact,GentiumPlusCompact-I.ttf,23
Andale Mono,andalemo.ttf,11275
Arbutus Slab,ArbutusSlab-Regular.ttf,133
UnShinmun,UnShinmun.ttf,59
Tribun ADF Std,TribunADFStd-Italic.ttf,65
Effloresce,efflbi__.ttf,170
Urkelian Television Dynasty,urkelian.ttf,103
MnSymbol,MnSymbol6.otf,79
Gruppo,Gruppo-Regular.ttf,158
Kirsty Ink,kirstyin.ttf,122
Walshes Outline,walsheso.ttf,79
M+ 1c,mplus-1c-regular.ttf,0
Chenla,Chenla.ttf,133
Dustismo Roman,Dustismo_Roman_Bold.ttf,439
Noto Sans Hebrew,NotoSansHebrew-Bold.ttf,841
Petit Formal Script,PetitFormalScript-Regular.ttf,143
Share-BoldOSF,Share-BoldOSF.ttf,34
Trebuchet MS,trebucbi.ttf,39801
Gumtuckey,gumtucke.ttf,74
Source Code Pro,SourceCodePro-Light.ttf,5510
IM FELL French Canon,IMFeFCit28P.ttf,159
IPAPMincho,ipamp.ttf,437
Khmer OS Fasthand,KhmerOS_fasthand.ttf,105
Phaistos,Phaistos.otf,25
Unna,Unna-Regular.ttf,130
Amarante,Amarante-Regular.ttf,124
Noto Sans Cypriot Syllabary,NotoSansCypriotSyllabary-Regular.ttf,103
OdorMeanChey,OdorMeanChey.ttf,136
Economica,Economica-Italic.ttf,178
Cinzel,Cinzel-Bold.ttf,210
Droid Sans Arabic,DroidSansArabic.ttf,972
jsMath-cmmi10,jsMath-cmmi10.ttf,396
Irish Growler,IrishGrowler.ttf,129
Cicle,Cicle Fina.ttf,107
Squealer,squealer.ttf,181
Sigmar One,SigmarOne.ttf,142
Mrs Sheppards,MrsSheppards-Regular.ttf,129
Jingopop,jingopop.ttf,78
Contrail One,ContrailOne-Regular.ttf,137
Chess Alpha Diagram,AlphaDia.otf,133
Kameron,Kameron-Bold.ttf,155
Clicker Script,ClickerScript-Regular.ttf,142
HanaMinA,HanaMinA.ttf,48
Octoville,octovill.ttf,111
[z] Arista,[z] Arista.ttf,73
New Rocker,NewRocker-Regular.ttf,126
Aegyptus,Aegyptus.otf,358
RiordonFancy,RiordonFancy.ttf,46
Moul,Moul.ttf,133
New Brilliant,newbrill.ttf,140
Conakry,Conakry.ttf,36
AirCut,aircut.ttf,126
Yesteryear,Yesteryear-Regular.ttf,142
Fluoride Beings,fluoride.ttf,118
Braeside Lumberboy,braeside.ttf,100
Covered By Your Grace,CoveredByYourGrace.ttf,165
Stam Sefarad CLM,StamSefaradCLM.ttf,129
ClementePDad,ClementePDad-ExtraLightItal.ttf,53
Habibi,Habibi-Regular.ttf,127
UnJamoDotum,UnJamoDotum.ttf,57
Permanent Marker,PermanentMarker.ttf,308
Bitter,Bitter-Regular.ttf,291
IPAPGothic,ipagp.ttf,439
Share-TechMono,ShareTechMono-Regularo.ttf,47
Share-TechExp,ShareTechExp-Regular.ttf,32
Volkhov,Volkhov-Bold.ttf,150
Shadows Into Light Two,ShadowsIntoLightTwo-Regular.ttf,155
BaileysCar,baileysc.ttf,142
Pompiere ,Pompiere-Regular.ttf,154
SeoulHangang CL,SeoulHangangCondensed-Light.ttf,100
SeoulHangang CM,SeoulHangangCondensed-Medium.ttf,100
Aubrey,Aubrey-Regular.ttf,161
Nanum Pen,NanumPenScript-Regular.ttf,112
Antykwa Poltawskiego,antpoltexpd-regular.otf,44
Kurier Cond Medium,KurierCondMedium-Regular.otf,37
Angkor,Angkor.ttf,130
STIXSizeFourSym,STIXSizFourSymReg.otf,5296
Deftone Stylus,deftone.ttf,220
Andika Basic,AndBasR.ttf,43
Calligraffitti,Calligraffitti-Regular.ttf,134
Sue Ellen Francisco ,SueEllenFrancisco.ttf,147
Basic,Basic-Regular.ttf,125
Prime Minister of Canada,primemin.ttf,131
Miriam CLM,MiriamCLM-Book.ttf,180
Burnstown Dam,burnstow.ttf,894
esint10,esint10.ttf,2426
jsMath-cmex10,jsMath-cmex10.ttf,390
Port Lligat Sans,PortLligatSans-Regular.ttf,121
GFS DidotClassic,GFSDidot_Classic.otf,43
PT Serif Caption,PT_Serif-Caption-Web-Italic.ttf,7240
Echelon Condensed,echeci__.ttf,107
Arvo,Arvo-BoldItalic.ttf,426
DejaVu LGC Sans,DejaVuLGCSans-Bold.ttf,148
Quinoline,quinolin.ttf,71
Alike Angular,AlikeAngular-Regular.ttf,128
Dr Sugiyama,DrSugiyama-Regular.ttf,137
Berylium,berylium.ttf,888
GFS Complutum,GFSPolyglot.otf,558
AnjaliOldLipi,AnjaliOldLipi.ttf,310
Zekton Dots,zektondo.ttf,103
Baltar,baltar.ttf,139
Crystal Radio Kit,crystalr.ttf,157
British Participants,britp___.ttf,67
Goha-Tibeb Zemen,GohaTibebZemen.ttf,652
Voltaire,Voltaire-Regular.ttf,134
BrettFont,BrettFont1.1.ttf,47
Strait,Strait-Regular.ttf,125
Cuomotype,cuomotyp.ttf,146
KacstLetter,KacstLetter.ttf,4416
Sonsie One,SonsieOne-Regular.ttf,132
Share-Tech,ShareTech-Regularo.ttf,36
IPAexMincho,ipaexm.ttf,325
Cola Participants,colap___.ttf,68
Planet Benson 2,planetbe.ttf,867
Junge,Junge-Regular.ttf,131
Righteous,Righteous-Regular.ttf,166
Good Times,goodtime.ttf,582
Sail,Sail-Regular.ttf,174
Musica,Musica.otf,349
Jigsaw Trouserdrop,jigsawtr.ttf,79
Cyklop,cyklop-regular.otf,19
PowerlineSymbols,PowerlineSymbols.otf,141
OCRA,tarzeau_ocr_a.ttf,119
Die Nasty,dienasty.ttf,262
Spinnaker,Spinnaker-Regular.ttf,132
Marko One,MarkoOne-Regular.ttf,129
Strenuous,strenuou.ttf,127
FreeSerif,FreeSerifItalic.ttf,6515
Verdana,verdanai.ttf,39856
Jellyka - Estrya's Handwriting,Jellyka_Estrya_Handwriting.ttf,0
Carbon Phyber,carbonph.ttf,129
Federo,Federo-Regular.ttf,137
Consolas,consolaz.ttf,33347
Khmer OS Freehand,KhmerOS_freehand.ttf,100
Akkadian,Akkadian.otf,362
Philokalia,Philokalia-Regular.otf,85
Paprika,Paprika-Regular.ttf,125
Glegoo,Glegoo-Regular.ttf,148
Noto Sans Coptic,NotoSansCoptic-Regular.ttf,452
cmb10,cmb10.ttf,56
Fontdiner Swanky,FontdinerSwanky.ttf,131
Rina,rina.ttf,130
kacstPen,kacstPen.ttf,46
Monofonto,monofont.ttf,168
MgOpen Cosmetica,MgOpenCosmeticaBoldOblique.ttf,202
Inika,Inika-Regular.ttf,130
GFS Theokritos,GFSTheokritos.otf,320
Junction,junction.otf,95
SeoulNamsan Smart B,SeoulNamsanB.ttf,24
Ethiopic Fantuwua,fantuwua.ttf,23
Maiden Orange,MaidenOrange.ttf,146
femkeklaver,femkeklaver.ttf,52
Razor Keen,razorkee.ttf,110
Anorexia,Anorexia.ttf,13
Museum,MuseumSixty.otf,44
Margarine,Margarine-Regular.ttf,121
Euphoria Script,EuphoriaScript-Regular.ttf,155
Superglue,superglu.ttf,107
STIXGeneral,STIXGeneral.ttf,5524
Blue Highway Linocut,bluehigl.ttf,903
Degrassi,degrassi.ttf,154
Rambla,Rambla-Regular.ttf,165
Dark Garden,DarkGarden.ttf,29
Nosifer Caps,NosiferCaps-Regular.ttf,122
Umpush,Umpush.ttf,4672
Comic Sans MS,comic.ttf,39749
Pyrite,pyrite.ttf,78
MusiSync,MusiSync.ttf,62
Sketch Block,Sketch_Block.ttf,151
ClementePDai,ClementePDai-Regular.ttf,62
Romanesco,Romanesco-Regular.ttf,123
Frank Ruehl CLM,FrankRuehlCLM-MediumOblique.ttf,187
Iceberg,Iceberg-Regular.ttf,122
Backspacer Tribute To Pearl Jam,Backspacer tribute to Pearl Jam.ttf,71
Crushed,Crushed.ttf,146
Social Logos,Social Logos.ttf,57
Model Worker,modelwor.ttf,101
Alexander,Alexander.otf,368
Unsteady Oversteer,unsteady.ttf,141
Clara,Clara-Regular.ttf,122
Hand Of Sean (Demo),Hand_Of_Sean_Demo.ttf,0
IM FELL English SC,IMFeENsc28P.ttf,163
Wallpoet,Wallpoet-Regular.ttf,135
Dhyana,Dhyana-Regular.ttf,126
KacstScreen,KacstScreen.ttf,4435
Lohit Devanagari,Lohit-Devanagari.ttf,4982
Copse,Copse-Regular-TTF.ttf,175
Arial Black,ariblk.ttf,38672
Playball,Playball-Regular.ttf,190
Droid Sans Fallback,DroidSansFallbackFull.ttf,5423
Snidely,snidely_.ttf,83
Corben,Corben-Bold.ttf,134
Coolvetica,coolveti.ttf,199
Latin Modern Math,latinmodern-math.otf,1350
Swanky and Moo Moo,SwankyandMooMoo.ttf,147
Union City Blue,unioncit.ttf,116
Mate SC,MateSC-Regular.ttf,123
Ridiculous,martyb_-_Ridiculous.ttf,7
ocrb10,ocrb10.otf,53
Radley,Radley-Regular.ttf,152
Engebrechtre,engeregu.ttf,170
Jacques Francois Shadow,JacquesFrancoisShadow-Regular.ttf,120
MgOpen Modata,MgOpenModataBold.ttf,200
Credit River,creditri.ttf,136
Latin Modern Roman Slanted,lmromanslant17-regular.otf,481
Engebrechtre Expanded,engeexpa.ttf,149
Nasal,nasal.ttf,93
Delius Swash Caps,DeliusSwashCaps-Regular.ttf,141
Gentium,GenI102.ttf,1877
Damion,Damion-Regular.ttf,185
Six Caps,SixCaps.ttf,161
First Blind,firstbli.ttf,80
jsMath-cmti10,jsMath-cmti10.ttf,395
Quantico,Quantico-Bold.ttf,153
Fresca,Fresca-Regular.ttf,124
Gunplay 3D,gunplay3.ttf,164
Metal Mania,MetalMania-Regular.ttf,124
Titan One,TitanOne-Regular.ttf,134
Milonga,Milonga-Regular.ttf,123
Dangrek,Dangrek.ttf,132
Noto Sans Malayalam UI,NotoSansMalayalamUI-Bold.ttf,218
Caudex,Caudex-Bold.ttf,163
Fauna One,FaunaOne-Regular.ttf,132
Noto Sans Lydian,NotoSansLydian-Regular.ttf,448
Dyuthi,Dyuthi.ttf,142
Hermeneus One,HermeneusOne-Regular.ttf,120
Karma Suture,karmasut.ttf,90
Tsampa Keyboard,bo.ttf,7
Ubuntu Monospaced,UbuntuMono-BI-hinting.ttf,35
Gillius ADF No2,GilliusADFNo2-Bold.otf,552
Latin Modern Mono Light,lmmonolt10-oblique.otf,460
Autour One,AutourOne-Regular.ttf,135
Talvez assim,PintassilgoPrints_-_Talvez_Assim.ttf,14
TharLon,Tharlon-Regular.ttf,124
Cutive,Cutive-Regular.ttf,131
Short Stack,ShortStack-Regular.ttf,140
Goblin One,GoblinOne.ttf,129
Noto Sans Bengali UI,NotoSansBengaliUI-Regular.ttf,220
Quintessential,Quintessential-Regular.ttf,178
Noto Sans Carian,NotoSansCarian-Regular.ttf,448
Anaheim,Anaheim-Regular.ttf,134
Euphorigenic,euphorig.ttf,173
Ubuntu,Ubuntu-Bold.ttf,5602
Sancreek,Sancreek-Regular.ttf,131
SeoulNamsan CM,SeoulNamsanCondensed-Medium.ttf,98
Allerta,AllertaStencil-Regular-VTT.ttf,158
Edrip,Edrip-BoldItalic.ttf,72
Corbel,corbelb.ttf,33243
Johnny Fever,johnnyfe.ttf,77
Museo Slab,museo_slab_500-webfont.ttf,131
KacstQurn,KacstQurn.ttf,8801
Tahoma,tahoma.ttf,36972
Denemo,Denemo.ttf,79
Exo 2,Exo2-ThinItalic.ttf,781
Green Fuz,greenfuz.ttf,173
Khmer OS Siemreap,KhmerOS_siemreap.ttf,100
Impact Label,Impact Label.ttf,128
Linux Biolinum O,LinBiolinum_R.otf,907
Montserrat Subrayada,MontserratSubrayada-Regular.ttf,138
Gentium Book Basic,GenBkBasB.ttf,9228
Latin Modern Sans,lmsans8-regular.otf,487
gargi,gargi.ttf,4490
Univox,univox.ttf,131
NovaMono,NovaMono.ttf,150
Lao Muang Khong,LaoMuangKhong-Regular.ttf,102
InkboyFont,inkboy_ofl.ttf,17
Racing Sans One,RacingSansOne-Regular.ttf,153
Alike,Alike-Regular.ttf,136
Gorditas,Gorditas-Regular.ttf,127
jsMath-cmsy10,jsMath-cmsy10.ttf,394
Shojumaru,Shojumaru-Regular.ttf,134
Open Sans Hebrew,OpenSansHebrew-BoldItalic.ttf,156
Colourbars,colourba.ttf,133
28 Days Later,28 Days Later.ttf,261
Cedarville Cursive,Cedarville-Cursive.ttf,143
Worthless Bum,worthles.ttf,73
OpenDyslexic,OpenDyslexic-Italic.otf,220
Kurier Cond Heavy,KurierCondHeavy-Italic.otf,37
Stereofidelic,stereofi.ttf,865
Edmunds,edmunds.ttf,168
News Cycle,NewsCycle-Regular.ttf,170
VL Gothic,VL-Gothic-Regular.ttf,981
Deluxe Ducks,deluxedu.ttf,97
Belleza,Belleza-Regular.ttf,126
Piedra,Piedra-Regular.ttf,117
Barbatrick,barbatri.ttf,135
FFF Tusj,FFF Tusj.ttf,196
Airmole Shaded,airmoles.ttf,128
Neuropol,neuropol.ttf,962
Freehand,Freehand.ttf,308
Mako,Mako-Regular.ttf,138
ChopinScript,ChopinScript.ttf,312
Lohit Nepali,Lohit-Nepali.ttf,221
Marck Script,MarckScript-Regular.ttf,161
Send Cash,sendcash.ttf,69
TuxPaint Georgian,ka.ttf,17
Cherry Cream Soda,CherryCreamSoda.ttf,150
Pagul,Pagul.ttf,59
GFS Olga,GFSOlga.otf,627
Paint Boy,paintboy.ttf,79
Nobile,nobile_bold_italic-webfont.ttf,330
Antykwa Torunska,AntykwaTorunskaMed-Italic.otf,47
Raleway Dots ,RalewayDots-Regular.ttf,140
ABeeZee,ABeeZee-Regular.ttf,170
German Participants,germp___.ttf,79
Nafees Pakistani Naskh,NafeesPakistaniNaskh.ttf,6
FandolHei,FandolHei-Regular.otf,18
FontAwesome,fontawesome-webfont.ttf,1276
Baekmuk Dotum,dotum.ttf,112
Linux Biolinum O ,LinBiolinum_RBO.otf,22
KacstOne,KacstOne.ttf,4490
STOMP_Zeroes,zeroes__.ttf,0
BenchNine,BenchNine-Regular.ttf,163
Changa One,ChangaOne-Regular.ttf,151
Butcherman Caps,ButchermanCaps-Regular.ttf,115
STIXIntegralsUp,STIXIntUpReg.otf,5283
Italiana,Italiana-Regular.ttf,128
Karla Tamil Upright,KarlaTamilUpright-Bold.ttf,108
eufm10,eufm10.ttf,2429
Sloe Gin Rickey,sloegin.ttf,104
Nova Square,NovaSquare.ttf,148
Kicking Limos,kickingl.ttf,156
Bitstream Vera Serif,VeraSeBd.ttf,1755
Droid Sans Tamil,DroidSansTamil-Regular.ttf,447
ShadowedBlack,ShadowedBlack.ttf,51
UnJamoSora,UnJamoSora.ttf,58
Lockergnome,lockergn.ttf,122
HydrogenWhiskey,hydrogen.ttf,162
Holy Smokes,holysmok.ttf,84
Times New Roman,timesbi.ttf,39768
PaperCuts 2.0,PaperCuts20.ttf,0
Spicy Rice,SpicyRice-Regular.ttf,146
Sansation Light,Sansation-Light.ttf,281
Top Bond,topbond.ttf,67
Fragile Bombers,fragileb.ttf,124
Titillium Web,TitilliumWeb-ExtraLight.ttf,309
GFS Nicefore,GFSNicefore.otf,47
Crete Round,CreteRound-Italic.otf,187
UnDinaru,UnDinaru.ttf,1811
Alfa Slab One,AlfaSlabOne-Regular.ttf,207
Norican,Norican-Regular.ttf,132
Elsie,Elsie-Regular.ttf,135
MutantE,mutante.ttf,31
Samyak Gujarati,Samyak-Gujarati.ttf,213
Sedan SC,SedanSC-Regular.ttf,119
Bad Script,BadScript-Regular.ttf,134
Dawning of a New Day,DawningofaNewDay.ttf,174
Fjord,FjordOne-Regular.ttf,140
Playfair Display,PlayfairDisplay-Regular.ttf,325
Yawnovision,yawnovis.ttf,74
Coming Soon,ComingSoon-TTX.ttf,165
Gunplay,gunplay.ttf,260
Amiri,Amiri-Slanted.ttf,431
CMU Concrete,cmunoti.otf,138
Noto Sans Lao,NotoSansLao-Bold.ttf,854
Rosario,Rosario-Regular.ttf,168
STIX Math,STIXMath-Regular.otf,578
Spongy,spongy.ttf,97
Macondo,Macondo-Regular.ttf,121
Lustria,Lustria-Regular.ttf,132
Averia Serif Libre,AveriaSerifLibre-Regular.ttf,146
Motorcade,motorcad.ttf,124
Electrolize,Electrolize-Regular.ttf,131
Open Sans Condensed,OpenSans-CondBold.ttf,562
Mongolian Title,mngltitleotf.ttf,10
Kurier,Kurier-Italic.otf,57
OCR-B,ocrbb.ttf,74
Lemon,Lemon-Regular.ttf,199
Nanum Pen Script,NanumPen.ttf,7469
Atomic Age,AtomicAge-Regular.ttf,130
Bilbo,Bilbo-Regular.ttf,129
Open Sans,OpenSans-SemiboldItalic.ttf,6049
MarVoSym,marvosym.ttf,330
Original Surfer,OriginalSurfer-Regular.ttf,133
Turkish Participants,turkp___.ttf,71
Mate,Mate-Italic.ttf,141
Nova Cut,NovaCut.ttf,136
cmsy10,cmsy10.ttf,2519
Souliyo Unicode,Souliyo-Regular.ttf,122
Duality,duality_.ttf,169
Nixie One,NixieOne-Regular.ttf,178
Kantumruy Regular,Kantumruy-Light.ttf,58
Droid Sans Armenian,DroidSansArmenian.ttf,4753
Khmer OS Muol Light,KhmerOS_muollight.ttf,107
UnDotum,UnDotum.ttf,2009
Satisfy,Satisfy-Regular.ttf,172
UnJamoNovel,UnJamoNovel.ttf,56
FonetikaDaniaPallae,FonetikaDaniaPallaeBold.ttf,34
IM FELL DW Pica SC,IMFePIsc28P.ttf,142
Radios in Motion Hard,radiohar.ttf,111
Sazanami Gothic,sazanami-gothic.ttf,201
Suruma,Suruma.ttf,38
IM FELL French Canon SC,IMFeFCsc28P.ttf,143
Electorate Blue,electblu.ttf,96
cmr10,cmr10.ttf,2528
Yytrium Dioxide,yytriumd.ttf,96
Share-ItalicOSF,Share-ItalicOSF.ttf,31
Bubbler One,BubblerOne-Regular.ttf,132
GFS Bodoni,GFSBodoniBoldIt.otf,23
Acme,Acme-Regular.ttf,135
Abril Fatface,AbrilFatface-Regular.ttf,203
Asana Math,Asana-Math.ttf,596
Ennobled Pet,ennobled.ttf,136
Tangerine,Tangerine_Bold.ttf,345
Iwona Cond Medium,IwonaCondMedium-Italic.otf,35
Budmo Jiggler,budmob.ttf,213
Webster World,websterw.ttf,86
UnifrakturCook,UnifrakturCook-Bold.ttf,148
Inconsolata,Inconsolata.ttf,1687
Noto Sans Telugu UI,NotoSansTeluguUI-Regular.ttf,227
Rosarivo,Rosarivo-Italic.ttf,144
Imperator,Imperator.ttf,73
Kite One,KiteOne-Regular.ttf,125
Biting My Nails,biting.ttf,154
Ruge Boogie,RugeBoogie-Regular.ttf,121
Edmunds Distressed,edmundis.ttf,146
Vast Shadow,VastShadow-Regular.ttf,147
Mingzat,Mingzat-R.ttf,585
Oleo Script Swash Caps,OleoScriptSwashCaps-Bold.ttf,132
Miriam Mono CLM,MiriamMonoCLM-Bold.ttf,200
Ethiopic Zelan,zelan.ttf,17
Mail Ray Stuff,mailrays.ttf,145
Geostar Fill,GeostarFill-Regular.ttf,133
Kurier Cond Light,KurierCondLight-Italic.otf,28
Novecento wide,novecento-bold.ttf,22
Eagle Lake,EagleLake-Regular.ttf,125
FandolFang,FandolFang-Regular.otf,13
Noto Sans Kharoshthi,NotoSansKharoshthi-Regular.ttf,438
Biting My Nails Outline,bitingou.ttf,105
FonetikaDaniaIwonae,FonetikaDaniaIwonaeBold.ttf,35
Skranji,Skranji-Regular.ttf,125
Velvenda Megablack,velvenda.ttf,120
CBM,CBM.ttf,13
BPG DejaVu Sans 2011 GNU-GPL,BPG_DejaVu_Sans_2011_GPL-GNU.ttf,94
Diplomata SC,DiplomataSC-Regular.ttf,122
LuckyApe,luckyape.ttf,105
Bali Galang,aksarabaligalang.ttf,29
Forgotten Futurist College,forgotty.ttf,69
Impact Label Reversed,Impact Label Reversed.ttf,119
Shadows Into Light,ShadowsIntoLight.ttf,198
So Run Down,sorundow.ttf,78
ClementePDah,ClementePDah-BookItalic.ttf,50
Hello Larry,hellolar.ttf,126
Typodermic,typoderm.ttf,140
MedievalSharp,MedievalSharp.ttf,145
Sofia,Sofia-Regular.ttf,185
Biometric Joe,biometri.ttf,116
Tribun ADF Std Cond,TribunADFStd-Cond.ttf,29
Days One,DaysOne-Regular.ttf,140
Borg9,borg9.ttf,142
Gladiator,glb12.ttf,5
Annie Use Your Telescope,AnnieUseYourTelescope.ttf,163
Noto Sans Vai,NotoSansVai-Regular.ttf,445
Rockets,Rockets.ttf,18
STIXSizeTwoSym,STIXSizTwoSymReg.ttf,5306
Heuristica,Heuristica-Regular.ttf,155
GentiumAlt,GentiumAlt-I.ttf,1853
Shanti,Shanti-Regular.ttf,129
Jim Nightshade,JimNightshade-Regular.ttf,136
Doulos SIL,DoulosSILR.ttf,255
Baveuse 3D,baveuse3.ttf,132
Gillius ADF No2 Cond,GilliusADFNo2Cond-BoldItalic.otf,79
Crafty Girls,CraftyGirls.ttf,145
Plain Cred 1978,plai1978.ttf,68
Archivo Black,ArchivoBlack-Regular.ttf,137
Caesar Dressing,CaesarDressing-Regular.ttf,122
Noto Sans Old South Arabian,NotoSansOldSouthArabian-Regular.ttf,450
Anklepants,anklepan.ttf,145
Kredit,kredit1.ttf,852
DejaVu Sans,DejaVuSansCondensed-BoldOblique.ttf,15611
Andada SC,AndadaSC-BoldItalic.ttf,153
Droid Sans Ethiopic,DroidSansEthiopic-Regular.ttf,4843
Silkscreen,slkscrb.ttf,102
Noto Sans Phoenician,NotoSansPhoenician-Regular.ttf,450
Courgette,Courgette-Regular.ttf,159
Unispace,unispace.ttf,191
Passion One,PassionOne-Bold.ttf,199
Monofett,Monofett.ttf,136
Blue Highway D Type,bluehigd.ttf,876
Beteckna,Beteckna.otf,47
Redacted Script,RedactedScript-Regular.ttf,133
TeX Gyre Pagella Math,texgyrepagella-math.otf,418
Ethiopic Hiwua,hiwua.ttf,18
Emmentaler-11,emmentaler-11.otf,60
Birdland Aeroplane,birdland.ttf,89
Effloresce Antique,efflanti.ttf,151
Noto Sans Osmanya,NotoSansOsmanya-Regular.ttf,449
Arapey,Arapey-Regular.ttf,134
UnVada,UnVada.ttf,63
Rock Salt,RockSalt.ttf,188
msam10,msam10.ttf,2466
YonderRecoil,yonderre.ttf,103
Vollkorn,Vollkorn-Bold.ttf,178
M+ 2c,mplus-2c-black.ttf,0
Electorate Boogaloo,electbgu.ttf,98
Flavors,Flavors-Regular.ttf,129
BonvenoCF,BonvenoCF-Light.ttf,49
Arundina Sans Mono,ArundinaSansMono-BoldOblique.ttf,50
STIXVariants,STIXVarBol.otf,5278
Hawkeye,hawkeye_.ttf,82
EB Garamond,EBGaramond12-Italic.ttf,247
Symbol Neu,SymbolNeu.ttf,279
M+ 1m,mplus-1m-thin.ttf,0
Expletus Sans,ExpletusSans-Regular.ttf,179
Passero One,PasseroOne-Regular.ttf,129
Got No Heart,gotnohea.ttf,123
Smythe,Smythe-Regular.ttf,131
Kenyan Coffee,kenycbi_.ttf,173
SuperHeterodyne,superhet.ttf,72
Playfair Display SC,PlayfairDisplaySC-BoldItalic.ttf,213
KacstDecorative,KacstDecorative.ttf,4416
Iwona,Iwona-BoldItalic.otf,58
Nafees Pakistani Web Naskh,NafeesPakistaniWebNaskh.ttf,12
Chau Philomene One,ChauPhilomeneOne-Italic.ttf,139
POV-Ray Logo,povlogo.ttf,13
Sedan,Sedan-Regular.ttf,123
Lato,Lato-Black.ttf,1680
Ewert,Ewert-Regular.ttf,126
Englebert,Englebert-Regular.ttf,130
Londrina Solid,LondrinaSolid-Regular.ttf,152
Meera,Meera.ttf,5223
Chewy,Chewy.ttf,161
Khmer OS,KhmerOS.ttf,5271
Chicken Wire Lady,chickenw.ttf,80
Khmer OS Bokor,KhmerOS_bokor.ttf,101
Alex Brush,AlexBrush-Regular.ttf,284
TeX Gyre Pagella,texgyrepagella-italic.otf,1167
cwTeXHei,cwTeXHei-ofl.ttf,126
Sintony,Sintony-Bold.ttf,133
Zero Twos,zerotwos.ttf,116
Lohit Gujarati,gu.ttf,5551
Frijole,Frijole-Regular.ttf,135
GFS Neohellenic,GFSNeohellenic.otf,323
Norasi,Norasi.ttf,4665
Nokora Regular,Nokora-Regular.ttf,70
Hamma Mamma Jamma,hammamam.ttf,81
FdSymbol,FdSymbol-Bold.otf,39
Carlito,Carlito-BoldItalic.ttf,3475
eurofurence,eurof55.ttf,109
Shifty Chica,shifty.ttf,110
Edgewater,edgewate.ttf,132
Emmentaler,Emmentaler-14.ttf,50
Spirax,Spirax-Regular.ttf,127
Forgotten Futurist Shadow,forgotts.ttf,141
Tlwg Typist,TlwgTypist-Oblique.ttf,4662
Siemreap,Siemreap.ttf,131
SkakNew-Figurine,SkakNew-Figurine.otf,182
Plain Cred,plaincre.ttf,69
Knewave,Knewave-Regular.ttf,151
Tobin Tax,tobintax.ttf,80
Caladea,Caladea-Regular.ttf,3407
Numans,Numans-Regular.ttf,134
Screengem,screenge.ttf,120
IPAMincho,ipam.ttf,434
Bubblegum Sans,BubblegumSans-Regular.ttf,133
Balcony Angels,balconya.ttf,81
TlwgMono,TlwgMono.ttf,4598
Garuda,Garuda.ttf,4680
Noto Sans Bengali,NotoSansBengali-Regular.ttf,462
Metamorphous,Metamorphous-Regular.ttf,137
Tork,torkb___.ttf,130
Gafata,Gafata-Regular-before_ttfautohint.ttf,134
SkakNewFigurine,SkakNew-FigurineBold.otf,32
fbb,fbb-Bold.otf,36
KacstTitle,KacstTitle.ttf,4422
mnml icons,mnmlicons.ttf,7
Emilys Candy,EmilysCandy-Regular.ttf,127
Share-RegularExp,Share-RegularExp.ttf,34
Cambria,cambriab.ttf,33326
Kdam Thmor,KdamThmor-Regular.ttf,105
Poiret One,PoiretOne-Regular.ttf,209
Letters Laughing,LettersLaughingDissectionandDestruction.ttf,40
Khmer OS System,KhmerOS_sys.ttf,5269
Nanum Brush Script,NanumBrush.ttf,7639
PakType Naqsh,PakType_Naqsh.ttf,528
Lohit Telugu,Lohit-Telugu.ttf,1254
Sevillana,Sevillana-Regular.ttf,126
Butcherman,Butcherman-Regular.ttf,119
Knuckle Down,knuckled.ttf,130
Asap,Asap-Regular.ttf,218
ClementePDap,ClementePDap-HeavyItalic.ttf,52
cwTeXKai,cwTeXKai-zhonly.ttf,129
Stoke,Stoke-Light.ttf,128
Horsepower,horspowr.ttf,80
Hanalei Fill,HanaleiFill-Regular.ttf,117
Silicon Carne,siliconc.ttf,73
Galdeano,Galdeano-Regular.ttf,118
Griffy,Griffy-Regular.ttf,119
Overlock SC,OverlockSC-Regular.ttf,150
Arial,arial.ttf,39884
Delius,Delius-Regular.ttf,131
Vanishing Girl,vanishin.ttf,74
Convergence,Convergence-Regular.ttf,140
Overpass,Overpass_Light.ttf,161
Lesser Concern,lesserco.ttf,95
STIXNonUnicode,STIXNonUniIta.otf,5309
MotoyaLCedar,MTLc3m.ttf,40
Ruthie,Ruthie-Regular.ttf,139
Merienda,Merienda-Regular.ttf,137
Tulpen,Tulpen-Light.ttf,43
Ledger,Ledger-Regular.ttf,142
Mr Dafoe,MrDafoe-Regular.ttf,151
Terylene Top,terylene.ttf,108
HanaMinB,HanaMinB.ttf,53
Vidaloka ,Vidaloka-Regular.ttf,147
GiantTigers,gianttig.ttf,78
Abel,Abel-Regular.ttf,221
Arundina Sans,ArundinaSans.ttf,55
Keter YG,KeterYG-Bold.ttf,86
Nightporter,nightpor.ttf,80
Titillium,Titillium-Light.otf,225
FandolKai,FandolKai-Regular.otf,18
Share-BoldItalicOSF,Share-BoldItalicOSF.ttf,32
Droid Arabic Naskh,DroidNaskh-Bold.ttf,4832
GFS Eustace,GFSEustace.otf,45
Dynalight,Dynalight-Regular.ttf,154
Scritzy,scritzy.ttf,71
Noto Sans Kayah Li,NotoSansKayahLi-Regular.ttf,445
ocrb5,ocrb5.otf,29
Canadian Participants,canap___.ttf,67
Didact Gothic,DidactGothic.ttf,173
Noto Serif Lao,NotoSerifLao-Bold.ttf,827
Calligrapher,calligra.ttf,71
M+ 2p,mplus-2p-light.ttf,0
Overload,overload.ttf,96
Sorts Mill Goudy,GoudyStM-Italic.otf,173
SeoulNamsan CL,SeoulNamsanCondensed-Light.ttf,102
M+ 1mn,mplus-1mn-light.ttf,0
Pants Patrol,pantspat.ttf,126
Kurier Medium,KurierMedium-Italic.otf,36
jsMath-cmbx10,jsMath-cmbx10.ttf,388
La Belle Aurore,LaBelleAurore.ttf,179
Istok Web,IstokWeb-BoldItalic.ttf,170
UnTaza,UnTaza.ttf,57
Loved by the King,LovedbytheKing.ttf,171
Axaxax,axaxax.ttf,130
Mad's Scrawl (BRK),madscrwl.ttf,0
Mint Spirit No2,MintSpiritNo2-Italic.otf,37
IM FELL Great Primer SC,IMFeGPsc28P.ttf,141
Radiation Participants,radip___.ttf,70
Hemi Head 426,hemihead.ttf,162
Droid,droid___.ttf,175
Thryomanes,el.ttf,25
Aguafina Script,AguafinaScript-Regular.ttf,146
Over the Rainbow,OvertheRainbow.ttf,144
Della Respira,DellaRespira-Regular.ttf,126
Fanwood Text,FanwoodText-Italic.ttf,209
Khmer OS Battambang,KhmerOS_battambang.ttf,105
Miama,Miama.ttf,296
Faster One,FasterOne-Regular.ttf,126
Just Me Again Down Here,JustMeAgainDownHere.ttf,172
Syncopate,Syncopate-Regular-VTT.ttf,179
Carme,Carme-Regular.ttf,137
GeosansLight,GeosansLight.ttf,305
STIXIntegralsSm,STIXIntSmBol.otf,5273
Blue Highway Condensed,bluecond.ttf,993
Neuton,Neuton-ExtraBold.ttf,209
Vibur,Vibur-Regular.ttf,142
Noto Sans Tai Tham,NotoSansTaiTham-Regular.ttf,902
Widelands,Widelands.otf,20
Berkshire Swash,BerkshireSwash-Regular.ttf,158
Finger Paint,FingerPaint-Regular.ttf,119
Gudea,Gudea-Italic.ttf,165
Abberancy,abberanc.ttf,113
Soul Papa,soulpapa.ttf,71
Iomanoid,iomanoid.ttf,154
GFS Philostratos,GFSPhilostratos.otf,48
Mervale Script,MervaleScript-Regular.ttf,118
CMU Typewriter Text,cmunit.otf,163
Linux Libertine Mono O,LinLibertine_MO.otf,792
Serafettin Cartoon,SerafettinCartoon-Italic.ttf,43
Stupefaction,stupefac.ttf,67
Amiri Quran,amiri-quran.ttf,254
Tuladha Jejeg,TuladhaJejeg_gr.ttf,13
Aksara Bali Galang,AksaraBaliGalang-Regular.ttf,105
You're Gone,youregoi.ttf,0
Philosopher,Philosopher-Bold.ttf,261
Erica One,EricaOne-Regular.ttf,128
Failed Attempt,failed.ttf,196
Frozen Dog Treats,frozen.ttf,106
Persian Modern Shadow,persian-modern-italicshadow.otf,14
Molle,Molle-Regular.ttf,126
UnJamoBatang,UnJamoBatang.ttf,59
TeX Gyre Heros Cn,texgyreheroscn-bolditalic.otf,1176
Vibrocentric,vibrocex.ttf,196
ClementePDab,ClementePDab-HairlineItalic.ttf,48
Goodfish,goodfisc.ttf,161
Bokor,Bokor.ttf,124
KacstNaskh,KacstNaskh.ttf,4414
KacstFarsi,KacstFarsi.ttf,4418
Ubuntu-Title,Ubuntu-Title.ttf,153
Noto Sans Meetei Mayek,NotoSansMeeteiMayek-Regular.ttf,885
Noto Sans Georgian,NotoSansGeorgian-Regular.ttf,833
rblmi,rblmi.ttf,27
Mai Tai,maitai.ttf,73
Ethiopic WashRa SemiBold,washrasb.ttf,22
Unlock,Unlock-Regular.ttf,121
Noto Sans Mandaic,NotoSansMandaic-Regular.ttf,912
Imprima,Imprima-Regular.ttf,130
TrapperJohn,trapperj.ttf,94
Molengo,Molengo-Regular.ttf,170
Shofar,ShofarRegularOblique.ttf,55
Abandoned Bitplane,abandone.ttf,72
Mister Firley,misterfi.ttf,70
Satanic Participants,satap___.ttf,72
Gloria Hallelujah,GloriaHallelujah.ttf,163
Rokkitt,Rokkitt-Light.ttf,210
Lady Starlight,ladystar.ttf,137
Love Ya Like A Sister,LoveYaLikeASister.ttf,164
Boogaloo,Boogaloo-Regular.ttf,134
Coalition,Coalition_v2..ttf,110
Dendritic Voltage,dendriti.ttf,119
Beat My Guest,beatmygu.ttf,132
Sansation,Sansation-BoldItalic.ttf,368
Quando,Quando-Regular.ttf,133
GFS Artemisia,GFSArtemisiaBold.otf,655
Alegreya,Alegreya-Black.ttf,308
Alianna,alianna.ttf,77
Denk One,DenkOne-Regular.ttf,120
ClementePDaj,ClementePDaj-RegularItalic.ttf,52
Dosis,Dosis-SemiBold.ttf,330
Linden Hill,LindenHill-Regular.ttf,200
Sarina,Sarina-Regular.ttf,143
King Richard,kingrici.ttf,136
Perizia,Perizia.ttf,10
ClementePDaq,ClementePDaq-UltraBold.ttf,53
Gubbi,Gubbi.ttf,66
TVTimeSans,tvtimeSansBold.ttf,11
Montserrat,Montserrat-Bold.ttf,551
TommyGun,tommygun.ttf,72
Vanilla Whale,vanilla.ttf,130
Android Emoji,AndroidEmoji.ttf,113
Nova Round,NovaRound.ttf,144
Century Schoolbook L,CenturySchL-Roma.otf,6665
M+ 2m,mplus-2m-thin.ttf,0
Padauk,Padauk.ttf,5042
Kimberley,kimberle.ttf,166
Kenia,Kenia-Regular.ttf,134
CMU Sans Serif Demi Condensed,cmunssdc.otf,147
Donegal One,DonegalOne-Regular.ttf,120
Londrina Sketch,LondrinaSketch-Regular.ttf,126
Antic Didone,AnticDidone-Regular.ttf,133
Oswald,Oswald-Light.ttf,890
Mob Concrete,mobconcr.ttf,104
Lunasequent,lunasequ.ttf,73
STIXIntegralsUpD,STIXIntUpDBol.otf,5281
Droid Serif,DroidSerif-Regular.ttf,6297
Golden Girdle,goldengi.ttf,169
Londrina Outline,LondrinaOutline-Regular.ttf,142
Snippet,Snippet.ttf,137
Michroma,Michroma.ttf,222
CMU Typewriter Text Variable Width,cmunvi.otf,108
Balthazar,Balthazar-Regular.ttf,544
Iwona Cond,IwonaCond-BoldItalic.otf,42
Federant,Federant-Regular.ttf,122
TitilliumText25L,titilliumtext25l002-webfont.ttf,44
Life Savers,LifeSavers-Regular.ttf,138
Germania One,GermaniaOne-Regular.ttf,127
GFS Jackson,GFSJackson.otf,44
Noto Sans Khmer,NotoSansKhmer-Bold.ttf,556
Tiza,tiza_chalk.ttf,89
Ceviche One,CevicheOne-Regular.ttf,135
Webdings,webdings.ttf,39619
Teen Light,teenlite.ttf,861
Proxima Nova,proximanova-webfont.ttf,319
Source Sans Pro,SourceSansPro-Light.ttf,6841
Chelsea Market,ChelseaMarket-Regular.ttf,127
UnPilgia,UnPilgia.ttf,57
Orbitron,Orbitron-Regular.ttf,282
Crimson,Crimson-Bold.ttf,101
Gravitas One,GravitasOne.ttf,143
feta26,feta.ttf,42
Concert One,ConcertOne-Regular.ttf,133
Trocchi,Trocchi-Regular.ttf,142
Salsa,Salsa-Regular.ttf,138
Electroharmonix,electroh.ttf,219
Aller Light,aller-light.ttf,315
Lilliput Steps,lilliput.ttf,115
Patrick Hand SC,PatrickHandSC-Regular_prettfautohint.ttf,135
Night Court,nightcou.ttf,78
QSwitch Ax,qswitcha.ttf,91
Podkova,Podkova-Bold.ttf,147
Oxygen Mono,OxygenMono-Regular.ttf,658
UnPenheulim,UnPenheulim.ttf,56
Holtwood One SC,HoltwoodOneSC.ttf,135
Graffiti Treat,graffiti.ttf,137
Teen,teen____.ttf,885
MgOpen Moderna,MgOpenModernaBoldOblique.ttf,208
Josefin Sans Std,JosefinSansStd-Light.otf,166
Roboto,Roboto-ThinItalic.ttf,2062
Sofadi One,SofadiOne-Regular.ttf,128
Purisa,Purisa-Oblique.ttf,4764
Happy Monkey,HappyMonkey-Regular.ttf,127
Mad's Scrawl BRK,madscrwl2.ttf,0
Relish Gargler,relishga.ttf,124
Trochut,Trochut-Bold.ttf,134
ArtBrush,Generic.ttf,58
Exo,Exo-SemiBoldItalic.ttf,353
Telex,Telex-Regular.ttf,69
Lunaurora,lunauror.ttf,79
Uncial Antiqua,UncialAntiqua-Regular.ttf,126
Amaranth,Amaranth-Bold.ttf,259
Varela Round,VarelaRound-Regular.ttf,202
Akronim,Akronim-Regular.ttf,127
.,glyphiconshalflings-regular.ttf,0
Zodillinstrisstirust,zodillin.ttf,74
Berenis ADF Pro,BerenisADFPro-Italic.otf,48
Radios in Motion,radiosin.ttf,109
Capriola,Capriola-Regular.ttf,130
Accanthis ADF Std No3,AccanthisADFStdNo3-Regular.otf,527
PakType Naskh Basic,PakTypeNaskhBasic.ttf,220
Oldenburg,Oldenburg-Regular.ttf,124
Pricedown,pricedow.ttf,199
Hippy Participants,hippp___.ttf,69
Quinquefoliolate,quinquef.ttf,69
The Girl Next Door,TheGirlNextDoor.ttf,145
Sazanami Mincho,sazanami-mincho.ttf,180
Cantata One,CantataOne-Regular.ttf,125
Alef,Alef-Regular.ttf,140
Latin Modern Mono Prop Light,lmmonoproplt10-oblique.otf,463
Qwigley,Qwigley-Regular.ttf,150
Signika Negative,SignikaNegative-Semibold.ttf,206
Abyssinica SIL,AbyssinicaSIL-R.ttf,4939
Lily Script One,LilyScriptOne-Regular.ttf,131
Mold Papa,moldpapa.ttf,71
Baekmuk Headline,hline.ttf,114
DejaVu Sans Mono,dejavusans-mono.ttf,15492
Bigshot One,BigshotOne.ttf,134
CMU Bright,cmunbmr.otf,148
CMU Serif Upright Italic,cmunui.otf,138
Operational Amplifier,operatio.ttf,73
Zekton,zektonit.ttf,217
Press Start 2P,PressStart2P-Regular.ttf,151
Combo,Combo-Regular.ttf,118
Mona-sazanami,mona-sazanami.ttf,51
LunaEclipsed ,luneclps.ttf,57
Chango,Chango-Regular.ttf,126
Latin Modern Mono Prop,lmmonoprop10-regular.otf,455
Charis SIL Compact,CharisSILCI.ttf,44
ClementePDam,ClementePDam-Bold.ttf,56
CMU Classical Serif,cmunci.otf,128
Ethiopic Yebse,yebse.ttf,22
Carbon Block,carbonbl.ttf,870
Ethiopic Tint,tint.ttf,28
Palatino Linotype,palabi.ttf,33065
Counterscraps,counters.ttf,120
Latin Modern Roman,lmroman10-bolditalic.otf,509
Puritan,Puritan-Bold.ttf,158
Grand Hotel,GrandHotel-Regular.ttf,264
Maven Pro Light,MavenProLight-300.otf,27
SeoulNamsan,SeoulNamsanVertical-Regular.ttf,80
Fasthand,Fasthand-Regular.ttf,115
Bowlby One SC,BowlbyOneSC-Regular.ttf,139
Constantia,constanb.ttf,33238
CHR32,chr32.ttf,70
Walshes,walshes.ttf,125
SeoulHangang CBL,SeoulHangangCondensed-BoldL.ttf,101
Semafor,smfptt10.otf,76
Metrophobic,Metrophobic.ttf,160
fontcustom_fauxton,fontcustom_fauxton.ttf,0
Ethnocentric,ethnocen.ttf,565
Forum,Forum-Regular.ttf,193
SeoulHangang CEB,SeoulHangangCondensed-ExtraBold.ttf,107
Noto Sans Gujarati,NotoSansGujarati-Bold.ttf,438
NanumMyeongjo,NanumMyeongjoExtraBold.ttf,8139
Noto Sans Old Turkic,NotoSansOldTurkic-Regular.ttf,443
VT323,VT323-Regular.ttf,143
Kristi,Kristi.ttf,157
Seymour One,SeymourOne-Regular.ttf,126
StayPuft,StayPuft.ttf,81
Latin Modern Mono Slanted,lmmonoslant10-regular.otf,453
Xolto,xolto.ttf,105
HintTest,HintTest1.ttf,32
Peralta,Peralta-Regular.ttf,121
Bullpen,bullpen_.ttf,153
Share,Share-BoldItalic.ttf,140
Candara,candara.ttf,33244
Advent Pro,AdventPro-SemiBold.ttf,199
David CLM,DavidCLM-Bold.ttf,195
Simonetta,Simonetta-Regular.ttf,140
Aegean,Aegean.otf,340
Baumans,Baumans-Regular.ttf,133
Offside,Offside-Regular.ttf,127
cwTeXMing,cwTeXMing.ttf,127
eurofurence light,eurof36.ttf,118
Bullpen 3D,bullpen3.ttf,127
Crapola,crapola.ttf,73
Anton,Anton-VTT.ttf,197
Capacitor,capacitr.ttf,148
IPAGothic,ipag.ttf,443
Hooked Up 101,hooked.ttf,103
Junicode,Junicode-Bold.ttf,647
Time Roman,timrom.ttf,11
Kurier Light,KurierLight-Italic.otf,35
Roboto Slab,RobotoSlab-Regular.ttf,402
UnPen,UnPen.ttf,61
Lora,Lora-Regular.ttf,279
Tibetan Machine Uni,TibMachUni-1.901b.ttf,4175
Analecta,Analecta.otf,350
Fira Mono OT,FiraMonoOT-Regular.otf,65
XITS Math,xits-mathbold.otf,44
Alegreya Sans SC,AlegreyaSansSC-Italic.ttf,216
Ghostmeat,ghostmea.ttf,133
Xtraflexidisc,xtraflex.ttf,73
Crimson Text,CrimsonText-BoldItalic.ttf,242
Noto Sans Lisu,NotoSansLisu-Regular.ttf,921
Lohit Marathi,Lohit-Marathi.ttf,224
Voces,Voces-Regular.ttf,124
Fira Sans OT,FiraSansOT-Medium.otf,111
LED,LED-16.ttf,29
Stalinist One,StalinistOne-Regular.ttf,123
Cardo,Cardo-Italic.ttf,279
Boron,boron2.ttf,116
Samyak Devanagari,Samyak-Devanagari.ttf,141
Marlett,marlett.ttf,33380
Kustom Kar,kustomka.ttf,75
ClementePDaa,ClementePDaa-Hairline.ttf,55
Delphine,Delphine.ttf,184
Berenis ADF Pro SC,BerenisADFProSC-BoldItalic.otf,37
Iwona Light,IwonaLight-Regular.otf,26
Ethiopic Yigezu Bisrat Goffer,goffer.ttf,23
Black Ops One,BlackOpsOne-Regular.ttf,136
Neurochrome,neurochr.ttf,192
Supermercado,SupermercadoOne-Regular.ttf,119
Crackdown R2 BRK,crackdown.ttf,122
Sexsmith,sexsmith.ttf,107
Lunasol,lunasol.ttf,126
Fake Receipt,fakerece.ttf,133
Nasalization,nasaliza.ttf,580
Marcellus SC,MarcellusSC-Regular.ttf,133
Emmentaler-16,emmentaler-16.otf,59
Taprom,Taprom.ttf,131
Lemon One,LemonOne-Regular.ttf,111
Latin Modern Roman Demi,lmromandemi10-oblique.otf,465
Francois One,FrancoisOne.ttf,173
Freckle Face,FreckleFace-Regular.ttf,120
Misirlou Day,misirlod.ttf,116
Moul Pali,Moulpali.ttf,128
Vahika,vahikab.ttf,153
Ubuntu Condensed,UbuntuCondensed-Regular.ttf,5288
Contour Generator,contourg.ttf,129
Kurier Heavy,KurierHeavy-Italic.otf,28
Primer Print,primerb.ttf,131
Latin Modern Roman Unslanted,lmromanunsl10-regular.otf,452
Metal,Metal.ttf,251
Letter Set C,letterc.ttf,110
Nafees Web Naskh,NafeesWeb.ttf,33
League Script,LeagueScript.ttf,136
Niconne,Niconne-Regular.ttf,143
Karla Tamil Inclined,KarlaTamilInclined-Regular.ttf,119
BloomingGrove,bgrove.otf,34
Noto Sans Kannada,NotoSansKannada-Bold.ttf,464
Latin Modern Sans Quotation,lmsansquot8-boldoblique.otf,458
Gilda Display,GildaDisplay-Regular.ttf,125
Letter Set A,lettera.ttf,114
Forgotten Futurist,forgottb.ttf,185
K-3D,K-3D.ttf,7
Ubuntu Mono,UbuntuMono-Regular.ttf,5289
Xaporho,Xaporho.otf,12
Buenard,Buenard-Bold.ttf,134
IM FELL DW Pica,IMFePIit28P.ttf,155
Sarai,Sarai_07.ttf,140
Astloch,Astloch-Bold-TTF_FF.ttf,155
Scheherazade,Scheherazade-R.ttf,188
Eeyek Unicode,eeyek.ttf,562
Bayon,Bayon.ttf,132
Jura,Jura-DemiBold.ttf,293
Quadrangle,quadrang.ttf,79
Emmentaler-Brace,emmentaler-brace.otf,65
[z] Arista ExtraFilled,[z] Arista ExtraFilled.ttf,68
Emmentaler-14,emmentaler-14.otf,59
Agent Red,agentred.ttf,30
CMU Serif,cmunbi.otf,141
New Athena Unicode,newathu.ttf,94
Redressed,Redressed.ttf,139
Noto Sans Gujarati UI,NotoSansGujaratiUI-Bold.ttf,294
Crystal,crystal.ttf,66
Iwona Cond Heavy,IwonaCondHeavy-Regular.otf,37
Bitstream Vera Sans,Vera.ttf,1878
Miltonian Tattoo,MiltonianTattoo-Regular.ttf,134
Ecolier_lignes_court,ecl_cour.ttf,0
Shlop,shlop___.ttf,149
Tiresias Keyfont V2,TIREKV__.ttf,70
Merienda One,MeriendaOne-Regular.ttf,147
ocrb7,ocrb7.otf,32
Home Sweet Home,homeswee.ttf,131
Pirata One,PirataOne-Regular.ttf,121
Jomolhari,Jomolhari-alpha3c-0605331.ttf,1058
42,42.ttf,42
Droid Sans Devanagari,DroidSansDevanagari-Regular.ttf,341
Adriator,adriator.ttf,115
Oregano,Oregano-Italic.ttf,138
Digna's Handwriting,phranzysko_-_Digna_s_Handwriting.ttf,0
Kaushan Script,KaushanScript-Regular.ttf,238
Montserrat Alternates,MontserratAlternates-Regular.ttf,152
IM FELL English,IMFeENrm28P.ttf,174
Gentium Basic,GenBasR.ttf,9250
Revalia,Revalia-Regular.ttf,118
Carter One,CarterOne.ttf,143
Delius Unicase,DeliusUnicase-Regular.ttf,141
Rothwell,rothwell.ttf,79
Nunito,Nunito-Bold.ttf,305
Latin Modern Roman Dunhill,lmromandunh10-regular.otf,460
Khmer OS Content,KhmerOS_content.ttf,844
ParaAminobenzoic,paraamin.ttf,80
Traveling _Typewriter,TravelingTypewriter.ttf,0
Architects Daughter,ArchitectsDaughter.ttf,325
Wire One,WireOne.ttf,153
Yadou,yadou.ttf,83
DejaVu Serif,DejaVuSerifCondensed-Italic.ttf,15347
Arbutus,Arbutus-Regular.ttf,129
Iwona Cond Light,IwonaCondLight-Regular.otf,30
Patrick Hand,PatrickHand-Regular_prettfautohint.ttf,127
TanglewoodTales,tanglewo.ttf,22
Terminal Dosis,TerminalDosis-Regular.ttf,172
Noto Sans,NotoSans-Regular-orig.ttf,1102
Induction,inductio.ttf,496
GFS Fleischman,GFSFleischman.otf,41
Noto Sans Khmer UI,NotoSansKhmerUI-Bold.ttf,385
HeadlandOne,HeadlandOne-Regular.ttf,119
SMonoHand,SMonohand.ttf,49
Riot Act,riotact.ttf,73
Should've Known Shaded,shouldvs.ttf,0
Russo One,RussoOne-Regular.ttf,155
Arundina Serif,ArundinaSerif-Bold.ttf,42
Brawler,Brawler-Regular.ttf,136
Noto Sans Thai,NotoSansThai-Regular.ttf,848
Average,Average-Regular.ttf,130
UnifrakturMaguntia,UnifrakturMaguntia-Book.ttf,144
Unikurd Web,Unikuweb.ttf,122
Fruktur,Fruktur-Regular.ttf,118
TeX Gyre Termes Math,texgyretermes-math.otf,412
FreeSans,FreeSansBoldOblique.otf,6584
Bruno Ace SC,BrunoAceSC-Regular.ttf,120
Calibri,calibri.ttf,33492
Lohit Punjabi,Lohit-Punjabi.ttf,5321
TeX Gyre Cursor,texgyrecursor-bolditalic.otf,1172
Charles in Charge,charlesi.ttf,112
Charis SIL,CharisSIL-I.ttf,202
Eye Rhyme,eyerhyme.ttf,79
Hooked on Booze,hookedon.ttf,81
Felipa,Felipa-Regular.ttf,125
Noto Sans Telugu,NotoSansTelugu-Bold.ttf,470
Street Cred,streetcr.ttf,153
roadstencil,andyfitz_-_roadstencil.otf,47
calibre Symbols,calibreSymbols.otf,10
Rufina,Rufina-Bold.ttf,124
Preah Vihear,Preahvihear.ttf,135
Emmentaler-26,emmentaler-26.otf,64
Kelly Slab,KellySlab-Regular.ttf,137
cmss10,cmss10.ttf,34
Living by Numbers,livingby.ttf,110
Lohit Kannada,Lohit-Kannada.ttf,1196
Latin Modern Sans Demi Cond,lmsansdemicond10-regular.otf,458
Frak,frak.ttf,77
Eater Caps,EaterCaps-Regular.ttf,122
Joti One,JotiOne-Regular.ttf,125
PresidentGas,presgrg.ttf,116
Linux Biolinum Keyboard O,LinBiolinum_K.otf,861
Skeletor Stance,skeletor.ttf,104
Emmentaler-13,emmentaler-13.otf,65
Subpear,subpear_.ttf,113
Noto Serif,NotoSerif-Regular.ttf,1008
DejaVu LGC Serif,DejaVuLGCSerif-Bold.ttf,113
Kurier Cond,KurierCond-Italic.otf,42
Baby Jeepers,babyjeep.ttf,116
Nuosu SIL,NuosuSIL.ttf,645
DroidSerifThai,DroidSerifThai-Bold.ttf,115
Primer Apples,prima___.ttf,111
Fjalla One,FjallaOne-Regular.ttf,192
Jockey One,JockeyOne-Regular.ttf,131
Carrois Gothic SC,CarroisGothicSC-Regular.ttf,140
Guanine,guanine_.ttf,128
Warnes,Warnes-Regular.ttf,114
GFS Gazis,GFSGazis.otf,316
Duru Sans,DuruSans-Regular.ttf,124
Marcellus,Marcellus-Regular.ttf,131
Antic Slab,AnticSlab-Regular.ttf,144
Soul Mama,soulmama.ttf,74
SkakNew-Diagram,SkakNew-Diagram.otf,135
Noto Sans Deseret,NotoSansDeseret-Regular.ttf,432
wasy10,wasy10.ttf,2511
